batch_size,test_mse,test_r2
16,0.157218636196551,0.21067702788355158
32,0.1594951974456526,0.19924745353525664
64,0.16561209083829098,0.16853732533670973
128,0.1728474286330119,0.13221199857801802
