batch_size,test_mse,test_r2
16,0.1572185454417246,0.21067748352208815
32,0.15949548481621098,0.19924601077892234
64,0.16561220736991042,0.16853674028466736
128,0.17284739039261154,0.13221219056560418
